"RUN_ID","SERVER_COUNT","RUN_TIME","END_TIME","START_TIME","JOB_RUN_ID","JOB_ID_FIRST","RESULT_ID","BATCH_JOB_RUN_ID","JOB_ID_DEPLOY","JOB_ID_SOMETHING","HOTFIX_COUNT","TOTAL_HOTFIX_SIZE"
3952398,3,442,23/09/2016 21:07:41,23/09/2016 21:00:19,3952398,2660402,6424644,3952399,2660406,2660406,10,149966506
3953322,1,1408,23/09/2016 18:25:27,23/09/2016 18:01:59,3953322,2660677,6420515,3953323,2660681,2660681,30,299418869
3893598,1,1245,22/07/2016 21:21:01,22/07/2016 21:00:16,3893598,2653217,6266193,3893599,2653224,2653224,10,139324844
3953092,7,1008,23/09/2016 22:47:06,23/09/2016 22:30:18,3953092,2660872,6420278,3953093,2660876,2660876,12,146040149
3959802,2,677,24/09/2016 01:11:22,24/09/2016 01:00:05,3959802,2661111,6431102,3959803,2661113,2661113,12,143533535
3933768,5,2358,15/09/2016 20:39:30,15/09/2016 20:00:12,3933768,2659546,6399073,3933769,2659561,2659561,8,122311163
3953942,1,732,24/09/2016 01:42:18,24/09/2016 01:30:06,3953942,2661264,6430820,3953943,2661266,2661266,9,114187253
3889279,2,895,22/07/2016 21:15:11,22/07/2016 21:00:16,3889279,2653065,6276629,3889280,2653078,2653078,10,108571376
3952854,1,2275,23/09/2016 21:38:13,23/09/2016 21:00:18,3952854,2660532,6420042,3952855,2660539,2660539,14,144176445
3890320,1,100,23/07/2016 01:31:50,23/07/2016 01:30:10,3890320,2653458,6259812,3890321,2653460,2653460,10,112890012
3954818,2,985,23/09/2016 21:17:17,23/09/2016 21:00:52,3954818,2660958,6424512,3954819,2660960,2660960,8,148219693
3954622,5,1593,23/09/2016 22:56:50,23/09/2016 22:30:17,3954622,2660239,6423516,3954623,2660244,2660244,43,347907102
3954834,8,1064,23/09/2016 22:49:30,23/09/2016 22:31:46,3954834,2660847,6424520,3954835,2660851,2660851,13,157040218
3959115,5,2119,23/09/2016 23:05:36,23/09/2016 22:30:17,3959115,2660166,6430110,3959116,2660174,2660174,12,107343340
3898767,1,1889,22/07/2016 21:31:46,22/07/2016 21:00:17,3898767,2653096,6283364,3898768,2653099,2653099,33,288959399
3889538,1,3597,14/07/2016 21:00:16,14/07/2016 20:00:19,3889538,2651736,6266433,3889539,2651753,2651753,7,85048885
3952860,1,1212,23/09/2016 22:50:29,23/09/2016 22:30:17,3952860,2660196,6420046,3952861,2660199,2660199,42,344413176
3953194,1,1907,24/09/2016 02:01:53,24/09/2016 01:30:06,3953194,2661259,6420382,3953195,2661261,2661261,6,105167333
3959232,3,1261,23/09/2016 21:22:33,23/09/2016 21:01:32,3959232,2660474,6430228,3959233,2660478,2660478,11,142267300
3953064,16,2051,23/09/2016 18:34:57,23/09/2016 18:00:46,3953064,2660577,6420261,3953065,2660581,2660581,11,131331083
3954453,4,1379,23/09/2016 21:23:20,23/09/2016 21:00:21,3954453,2660935,6423256,3954454,2660937,2660937,12,134879710
3959515,2,766,24/09/2016 01:12:51,24/09/2016 01:00:05,3959515,2661093,6424656,3959516,2661095,2661095,11,141777985
3888654,1,1129,14/07/2016 20:19:08,14/07/2016 20:00:19,3888654,2651691,6267992,3888655,2651710,2651710,5,70677541
3953824,2,345,23/09/2016 22:36:03,23/09/2016 22:30:18,3953824,2660859,6421115,3953825,2660864,2660864,1,4243585
3898106,1,4456,22/07/2016 22:14:32,22/07/2016 21:00:16,3898106,2653167,6269486,3898107,2653170,2653170,34,262424333
3946204,3,1956,15/09/2016 20:32:48,15/09/2016 20:00:12,3946204,2659673,6404303,3946205,2659675,2659675,9,145728184
3954743,1,1398,24/09/2016 01:53:24,24/09/2016 01:30:06,3954743,2661283,6423626,3954744,2661285,2661285,6,131872390
3954808,26,1851,23/09/2016 18:31:10,23/09/2016 18:00:19,3954808,2660618,6424506,3954809,2660620,2660620,13,157040218
3942647,2,3512,15/09/2016 20:58:44,15/09/2016 20:00:12,3942647,2659547,6393656,3942648,2659555,2659555,9,143573852
3952090,3,10638,23/09/2016 23:57:36,23/09/2016 21:00:18,3952090,2660324,6424994,3952091,2660339,2660339,8,93771187
3954842,1,330,23/09/2016 23:35:37,23/09/2016 23:30:07,3954842,2660756,6424525,3954843,2660758,2660758,10,149966506
3953635,1,766,23/09/2016 22:43:03,23/09/2016 22:30:17,3953635,2660185,6421351,3953636,2660188,2660188,35,205862995
3886298,1,1870,22/07/2016 21:31:27,22/07/2016 21:00:17,3886298,2653197,6256089,3886299,2653201,2653201,26,281709644
3959312,1,2058,23/09/2016 21:34:36,23/09/2016 21:00:18,3959312,2660952,6430374,3959313,2660955,2660955,15,196678942
3941784,1,1050,15/09/2016 20:17:42,15/09/2016 20:00:12,3941784,2659618,6398252,3941785,2659620,2659620,3,53677369
3952971,7,782,24/09/2016 01:43:08,24/09/2016 01:30:06,3952971,2661246,6420157,3952972,2661250,2661250,11,152502047
3952953,1,4160,23/09/2016 22:09:38,23/09/2016 21:00:18,3952953,2660527,6420145,3952954,2660538,2660538,47,440267037
3959230,1,1853,23/09/2016 21:32:13,23/09/2016 21:01:20,3959230,2660391,6430227,3959231,2660395,2660395,8,147697022
3898347,4,714,22/07/2016 21:12:10,22/07/2016 21:00:16,3898347,2653027,6279178,3898348,2653035,2653035,8,128284935
3954830,1,4686,23/09/2016 23:49:48,23/09/2016 22:31:42,3954830,2660827,6424518,3954831,2660830,2660830,21,123768259
3959119,5,1299,24/09/2016 00:51:45,24/09/2016 00:30:06,3959119,2661162,6430112,3959120,2661166,2661166,11,152502047
3897065,1,972,23/07/2016 01:16:21,23/07/2016 01:00:09,3897065,2653317,6284796,3897066,2653319,2653319,30,180267935
3895103,4,1715,14/07/2016 20:28:54,14/07/2016 20:00:19,3895103,2651706,6271102,3895104,2651748,2651748,8,122672480
3952568,10,1222,23/09/2016 21:20:40,23/09/2016 21:00:18,3952568,2660431,6419765,3952569,2660434,2660434,13,157040218
3959331,1,526,24/09/2016 00:38:52,24/09/2016 00:30:06,3959331,2661210,6430386,3959332,2661212,2661212,10,126062694
3889665,1,5388,22/07/2016 22:30:04,22/07/2016 21:00:16,3889665,2653190,6266877,3889666,2653193,2653193,34,240952124
3959517,1,402,24/09/2016 01:36:48,24/09/2016 01:30:06,3959517,2661235,6424657,3959518,2661237,2661237,1,4243585
3953189,1,2462,24/09/2016 01:11:08,24/09/2016 00:30:06,3953189,2661185,6420379,3953190,2661187,2661187,14,158198090
3954117,1,865,23/09/2016 18:15:41,23/09/2016 18:01:16,3954117,2660628,6422871,3954118,2660630,2660630,7,138284984
3889702,8,2283,14/07/2016 20:38:22,14/07/2016 20:00:19,3889702,2651910,6259302,3889703,2651921,2651921,8,128284935
3887474,5,1908,14/07/2016 20:32:06,14/07/2016 20:00:18,3887474,2651690,6258214,3887475,2651712,2651712,9,131079294
3959335,6,1072,24/09/2016 01:47:58,24/09/2016 01:30:06,3959335,2661294,6430388,3959336,2661296,2661296,9,124202892
3953421,1,797,23/09/2016 21:14:15,23/09/2016 21:00:58,3953421,2660996,6430511,3953422,2661000,2661000,9,138971700
3953814,44,2919,23/09/2016 21:48:58,23/09/2016 21:00:19,3953814,2660517,6421109,3953815,2660522,2660522,5,77171379
3959110,1,2180,23/09/2016 21:36:38,23/09/2016 21:00:18,3959110,2660363,6430107,3959111,2660372,2660372,5,66178832
3954728,1,1840,23/09/2016 21:31:45,23/09/2016 21:01:05,3954728,2660982,6423618,3954729,2660984,2660984,11,139650843
3954461,2,2768,23/09/2016 21:46:40,23/09/2016 21:00:32,3954461,2660412,6423260,3954462,2660422,2660422,11,160714814
3953918,1,1510,23/09/2016 21:25:29,23/09/2016 21:00:19,3953918,2660455,6430805,3953919,2660464,2660464,8,117906823
3897154,4,578,22/07/2016 21:09:54,22/07/2016 21:00:16,3897154,2653155,6287601,3897155,2653159,2653159,1,13758256
3954459,5,326,23/09/2016 21:05:56,23/09/2016 21:00:30,3954459,2660928,6423259,3954460,2660931,2660931,1,4243585
3945350,1,1790,15/09/2016 20:30:02,15/09/2016 20:00:12,3945350,2659706,6403739,3945351,2659708,2659708,18,157901734
3959224,1,2314,23/09/2016 21:38:52,23/09/2016 21:00:18,3959224,2660463,6430224,3959225,2660469,2660469,6,104444441
3948305,4,9158,15/09/2016 22:32:50,15/09/2016 20:00:12,3948305,2659545,6402935,3948306,2659564,2659564,6,83832698
3886239,7,2051,14/07/2016 20:34:29,14/07/2016 20:00:18,3886239,2651876,6256035,3886240,2651878,2651878,9,115101989
3893459,14,1547,14/07/2016 20:26:05,14/07/2016 20:00:18,3893459,2651705,6270618,3893460,2651738,2651738,7,101445939
3954730,1,10857,24/09/2016 00:02:04,23/09/2016 21:01:07,3954730,2661030,6423619,3954731,2661032,2661032,30,234901435
3901216,1,5274,22/07/2016 22:28:10,22/07/2016 21:00:16,3901216,2653053,6284580,3901217,2653069,2653069,28,212028302
3952687,1,1584,23/09/2016 21:27:12,23/09/2016 21:00:48,3952687,2660923,6429822,3952688,2660926,2660926,32,199787788
3945806,7,4371,15/09/2016 21:13:03,15/09/2016 20:00:12,3945806,2659590,6405093,3945807,2659596,2659596,5,130110323
3946518,1,2071,15/09/2016 20:34:43,15/09/2016 20:00:12,3946518,2659613,6393173,3946519,2659615,2659615,9,155988139
3959502,1,7125,24/09/2016 00:29:03,23/09/2016 22:30:18,3959502,2660271,6424647,3959503,2660274,2660274,37,262234090
3891398,1,5210,13/07/2016 23:26:59,13/07/2016 22:00:09,3891398,2651611,6263164,3891399,2651613,2651613,117,582225962
3943551,108,14174,15/09/2016 23:56:26,15/09/2016 20:00:12,3943551,2659695,6402347,3943552,2659697,2659697,4,108378380
3891115,1,622,23/07/2016 01:10:31,23/07/2016 01:00:09,3891115,2653361,6261611,3891116,2653363,2653363,3,55139886
3954620,1,5235,23/09/2016 22:27:33,23/09/2016 21:00:18,3954620,2660521,6423515,3954621,2660536,2660536,20,222140595
3894903,2,3588,14/07/2016 21:00:07,14/07/2016 20:00:19,3894903,2651940,6270802,3894904,2651942,2651942,10,136328530
3890215,2,1312,14/07/2016 20:22:11,14/07/2016 20:00:19,3890215,2651767,6259911,3890216,2651774,2651774,14,154975615
3953436,1,593,23/09/2016 23:40:00,23/09/2016 23:30:07,3953436,2660720,6430522,3953437,2660722,2660722,12,146040149
3954451,2,315,23/09/2016 21:05:33,23/09/2016 21:00:18,3954451,2660317,6423255,3954452,2660322,2660322,1,4243585
3959404,1,1036,23/09/2016 21:17:34,23/09/2016 21:00:18,3959404,2660423,6430902,3959405,2660427,2660427,6,131872390
3954828,1,255,23/09/2016 22:35:55,23/09/2016 22:31:40,3954828,2660832,6424517,3954829,2660834,2660834,10,149966506
3954628,1,901,23/09/2016 22:46:15,23/09/2016 22:31:14,3954628,2660881,6423519,3954629,2660883,2660883,13,167300173
3952862,1,655,23/09/2016 22:41:25,23/09/2016 22:30:30,3952862,2660839,6420047,3952863,2660844,2660844,13,157040218
3954455,2,1466,23/09/2016 21:24:50,23/09/2016 21:00:24,3954455,2660511,6423257,3954456,2660513,2660513,7,145630646
3889812,38,4782,14/07/2016 21:20:00,14/07/2016 20:00:18,3889812,2651671,6259410,3889813,2651697,2651697,6,118978022
3952285,1,972,24/09/2016 01:46:18,24/09/2016 01:30:06,3952285,2661251,6430614,3952286,2661253,2661253,5,77171379
3901313,1,802,22/07/2016 21:13:38,22/07/2016 21:00:16,3901313,2653041,6287464,3901314,2653060,2653060,13,147560051
3893693,1,539,23/07/2016 00:39:08,23/07/2016 00:30:09,3893693,2653261,6276829,3893694,2653263,2653263,8,126595679
3891230,1,938,23/07/2016 00:45:47,23/07/2016 00:30:09,3891230,2653291,6261719,3891231,2653293,2653293,5,116761430
3895595,1,1055,22/07/2016 21:17:52,22/07/2016 21:00:17,3895595,2653151,6272962,3895596,2653154,2653154,22,136978912
3953715,1,606,23/09/2016 18:14:22,23/09/2016 18:04:16,3953715,2660665,6430402,3953716,2660667,2660667,15,140344151
3952967,1,515,24/09/2016 00:38:41,24/09/2016 00:30:06,3952967,2661180,6420155,3952968,2661182,2661182,12,146172425
3954324,1,1971,23/09/2016 23:03:08,23/09/2016 22:30:17,3954324,2660165,6423017,3954325,2660170,2660170,11,137718123
3954466,1,1314,23/09/2016 23:52:01,23/09/2016 23:30:07,3954466,2660707,6423263,3954467,2660709,2660709,11,142267300
3890104,5,1228,14/07/2016 20:20:47,14/07/2016 20:00:19,3890104,2651782,6259704,3890105,2651794,2651794,8,104775517
3953178,1,5366,23/09/2016 23:59:43,23/09/2016 22:30:17,3953178,2660234,6420372,3953179,2660237,2660237,33,256687411
3954133,2,761,23/09/2016 21:13:41,23/09/2016 21:01:00,3954133,2660549,6422881,3954134,2660551,2660551,8,147222584
3953938,1,365,24/09/2016 00:36:11,24/09/2016 00:30:06,3953938,2661156,6430818,3953939,2661158,2661158,1,4243585
3889177,2,9763,22/07/2016 23:42:59,22/07/2016 21:00:16,3889177,2653174,6256766,3889178,2653176,2653176,37,325440540
3954457,3,902,23/09/2016 21:15:29,23/09/2016 21:00:27,3954457,2660347,6423258,3954458,2660368,2660368,9,138971700
3954635,1,346,23/09/2016 23:35:53,23/09/2016 23:30:07,3954635,2660697,6423523,3954636,2660700,2660700,1,4243585
3952283,1,675,24/09/2016 00:41:21,24/09/2016 00:30:06,3952283,2661132,6430613,3952284,2661134,2661134,10,124544202
3896479,1,1452,22/07/2016 21:24:28,22/07/2016 21:00:16,3896479,2653182,6274381,3896480,2653187,2653187,11,168918594
3954741,1,619,24/09/2016 01:10:24,24/09/2016 01:00:05,3954741,2661086,6423625,3954742,2661088,2661088,10,136735830
3953341,1,1271,24/09/2016 01:21:16,24/09/2016 01:00:05,3953341,2661067,6420529,3953342,2661070,2661070,5,77171379
3890711,1,5751,22/07/2016 22:36:08,22/07/2016 21:00:17,3890711,2653116,6282694,3890712,2653119,2653119,61,347827600
3944409,2,7442,15/09/2016 22:04:14,15/09/2016 20:00:12,3944409,2659544,6378876,3944410,2659558,2659558,6,83832698
3952683,4,10467,23/09/2016 23:55:09,23/09/2016 21:00:42,3952683,2660452,6429820,3952684,2660456,2660456,8,93771187
3954023,1,1241,23/09/2016 22:50:59,23/09/2016 22:30:18,3954023,2660860,6430761,3954024,2660863,2660863,7,145630646
3952685,1,320,23/09/2016 21:06:06,23/09/2016 21:00:46,3952685,2660492,6429821,3952686,2660495,2660495,11,150237250
3899013,1,1344,23/07/2016 01:52:34,23/07/2016 01:30:10,3899013,2653434,6272495,3899014,2653436,2653436,5,116083286
3943157,2,4491,15/09/2016 21:15:03,15/09/2016 20:00:12,3943157,2659661,6402033,3943158,2659663,2659663,5,122136636
3952275,1,1092,23/09/2016 22:48:29,23/09/2016 22:30:17,3952275,2660773,6430607,3952276,2660781,2660781,6,90929635
3954135,1,2256,23/09/2016 23:07:54,23/09/2016 22:30:18,3954135,2660243,6422882,3954136,2660246,2660246,23,186744158
3886725,1,900,14/07/2016 20:15:19,14/07/2016 20:00:19,3886725,2651791,6254019,3886726,2651799,2651799,8,104180813
3890233,1,419,23/07/2016 01:37:09,23/07/2016 01:30:10,3890233,2653446,6259925,3890234,2653448,2653448,8,127309891
3944864,1,1462,15/09/2016 20:24:34,15/09/2016 20:00:12,3944864,2659556,6401772,3944865,2659565,2659565,8,135746534
3954464,1,5196,23/09/2016 23:56:53,23/09/2016 22:30:17,3954464,2660266,6423261,3954465,2660275,2660275,38,323747727
3959202,8,2723,23/09/2016 18:47:27,23/09/2016 18:02:04,3959202,2660652,6430208,3959203,2660654,2660654,7,145630646
3888081,1,1656,14/07/2016 20:27:54,14/07/2016 20:00:18,3888081,2651855,6271001,3888082,2651863,2651863,5,89797558
3889670,4,891,23/07/2016 01:45:01,23/07/2016 01:30:10,3889670,2653422,6266880,3889671,2653424,2653424,7,120402027
3945907,1,3286,15/09/2016 20:54:58,15/09/2016 20:00:12,3945907,2659592,6404106,3945908,2659595,2659595,24,189333205
3953732,3,813,23/09/2016 22:43:51,23/09/2016 22:30:18,3953732,2660786,6430414,3953733,2660790,2660790,11,131331083
3959226,13,2146,23/09/2016 21:36:57,23/09/2016 21:01:11,3959226,2660966,6430225,3959227,2660968,2660968,12,156764211
3947603,1,1100,15/09/2016 20:18:32,15/09/2016 20:00:12,3947603,2659689,6408602,3947604,2659691,2659691,19,156642575
3954322,1,689,23/09/2016 21:11:47,23/09/2016 21:00:18,3954322,2660321,6423016,3954323,2660328,2660328,4,75409312
3953612,11,1219,23/09/2016 18:22:49,23/09/2016 18:02:30,3953612,2660642,6421336,3953613,2660644,2660644,12,146040149
3954724,1,1154,23/09/2016 21:19:44,23/09/2016 21:00:30,3954724,2660380,6423616,3954725,2660387,2660387,11,123070987
3890537,5,668,22/07/2016 21:11:24,22/07/2016 21:00:16,3890537,2653160,6260132,3890538,2653162,2653162,10,140986320
3892988,3,2185,14/07/2016 20:36:43,14/07/2016 20:00:18,3892988,2651922,6271252,3892989,2651925,2651925,8,122672480
3954215,1,1110,23/09/2016 18:19:42,23/09/2016 18:01:12,3954215,2660604,6423168,3954216,2660607,2660607,6,90929635
3954816,12,1130,23/09/2016 21:19:08,23/09/2016 21:00:18,3954816,2660500,6424511,3954817,2660505,2660505,12,146040149
3953235,25,2725,23/09/2016 18:45:44,23/09/2016 18:00:19,3953235,2660593,6420832,3953236,2660596,2660596,5,77171379
3901804,3,953,23/07/2016 01:16:02,23/07/2016 01:00:09,3901804,2653343,6272969,3901805,2653345,2653345,4,109928920
3959409,5,1372,23/09/2016 22:53:09,23/09/2016 22:30:17,3959409,2660816,6430905,3959410,2660819,2660819,10,121004611
3898820,2,1151,23/07/2016 01:49:21,23/07/2016 01:30:10,3898820,2653408,6276281,3898821,2653411,2653411,7,105369138
3944745,63,11116,15/09/2016 23:05:29,15/09/2016 20:00:13,3944745,2659577,6406684,3944746,2659580,2659580,7,111984691
3944987,3,3902,15/09/2016 21:05:14,15/09/2016 20:00:12,3944987,2659647,6408513,3944988,2659650,2659650,4,108378380
3888551,1,72364,15/07/2016 16:06:23,14/07/2016 20:00:19,3888551,2651811,6255769,3888552,2651816,2651816,15,134320254
3889668,1,502,23/07/2016 01:08:31,23/07/2016 01:00:09,3889668,2653353,6266879,3889669,2653355,2653355,5,110183193
3895003,60,5494,14/07/2016 21:31:53,14/07/2016 20:00:19,3895003,2651689,6270902,3895004,2651715,2651715,5,112165054
3898642,1,2049,23/07/2016 01:34:18,23/07/2016 01:00:09,3898642,2653373,6284914,3898643,2653375,2653375,46,227361572
3888371,30,2648,14/07/2016 20:44:26,14/07/2016 20:00:18,3888371,2651743,6255566,3888372,2651755,2651755,8,128854772
3895108,2,715,22/07/2016 21:12:11,22/07/2016 21:00:16,3895108,2653183,6271106,3895109,2653186,2653186,8,64981619
3889391,1,1622,14/07/2016 20:27:20,14/07/2016 20:00:18,3889391,2651803,6257880,3889392,2651808,2651808,7,120402027
3886475,1,2595,22/07/2016 21:43:32,22/07/2016 21:00:17,3886475,2653209,6266393,3886476,2653211,2653211,21,164332635
3954848,12,1329,24/09/2016 01:22:14,24/09/2016 01:00:05,3954848,2661098,6424528,3954849,2661100,2661100,11,152502047
3959251,9,973,24/09/2016 01:16:18,24/09/2016 01:00:05,3959251,2661116,6430241,3959252,2661118,2661118,9,124202892
3940886,1,6477,15/09/2016 21:48:09,15/09/2016 20:00:12,3940886,2659652,6394465,3940887,2659654,2659654,6,104444441
3953743,1,424,23/09/2016 23:37:11,23/09/2016 23:30:07,3953743,2660702,6430422,3953744,2660704,2660704,2,15238391
3954734,1,1086,23/09/2016 21:19:59,23/09/2016 21:01:53,3954734,2660334,6423621,3954735,2660355,2660355,7,134461437
3954574,2,1324,24/09/2016 00:52:10,24/09/2016 00:30:06,3954574,2661144,6423360,3954575,2661150,2661150,9,114187253
3895397,2,793,22/07/2016 21:13:30,22/07/2016 21:00:17,3895397,2653225,6284620,3895398,2653227,2653227,10,108571376
3953256,1,1576,23/09/2016 23:56:23,23/09/2016 23:30:07,3953256,2660293,6420847,3953257,2660295,2660295,23,186744158
3953527,1,1593,23/09/2016 22:56:51,23/09/2016 22:30:18,3953527,2660227,6420419,3953528,2660229,2660229,41,344047642
3953620,1,329,23/09/2016 21:05:48,23/09/2016 21:00:19,3953620,2661014,6421341,3953621,2661016,2661016,2,4514329
3889705,10,1757,22/07/2016 21:29:34,22/07/2016 21:00:17,3889705,2653124,6259304,3889706,2653127,2653127,15,134320254
3896793,15,1086,23/07/2016 00:48:15,23/07/2016 00:30:09,3896793,2653256,6274892,3896794,2653258,2653258,7,125554341
3901904,4,1844,23/07/2016 02:00:54,23/07/2016 01:30:10,3901904,2653429,6266196,3901905,2653431,2653431,8,126595679
3946730,7,2312,15/09/2016 20:38:44,15/09/2016 20:00:12,3946730,2659640,6404243,3946731,2659644,2659644,8,133247380
3954612,30,3359,23/09/2016 18:58:54,23/09/2016 18:02:55,3954612,2660633,6423510,3954613,2660636,2660636,6,131872390
3899232,2,10980,23/07/2016 00:03:17,22/07/2016 21:00:17,3899232,2653051,6283170,3899233,2653068,2653068,30,240282270
3887679,4,3934,14/07/2016 21:05:53,14/07/2016 20:00:19,3887679,2651905,6254968,3887680,2651909,2651909,6,96610526
3959117,1,1432,23/09/2016 23:53:59,23/09/2016 23:30:07,3959117,2660751,6430111,3959118,2660753,2660753,6,131872390
3953940,1,352,24/09/2016 01:05:57,24/09/2016 01:00:05,3953940,2661062,6430819,3953941,2661064,2661064,1,4243585
3953438,2,856,24/09/2016 01:14:21,24/09/2016 01:00:05,3953438,2661104,6430523,3953439,2661106,2661106,11,124909736
3954624,1,367,23/09/2016 22:37:08,23/09/2016 22:31:01,3954624,2660802,6423517,3954625,2660807,2660807,11,150237250
3952583,2,868,23/09/2016 22:45:26,23/09/2016 22:30:58,3952583,2660902,6419775,3952584,2660904,2660904,11,142267300
3952689,1,654,23/09/2016 21:12:14,23/09/2016 21:01:20,3952689,2660999,6429823,3952690,2661003,2661003,10,131020250
3954824,20,3765,23/09/2016 22:03:44,23/09/2016 21:00:59,3954824,2661019,6424515,3954825,2661021,2661021,6,131872390
3954213,1,1251,23/09/2016 18:21:19,23/09/2016 18:00:28,3954213,2660671,6423167,3954214,2660673,2660673,9,178941319
3891113,10,1240,23/07/2016 00:50:49,23/07/2016 00:30:09,3891113,2653273,6261610,3891114,2653275,2653275,6,99175486
3899337,1,917,23/07/2016 00:45:26,23/07/2016 00:30:09,3899337,2653285,6281061,3899338,2653288,2653288,14,117083206
3888696,11,1053,23/07/2016 01:17:42,23/07/2016 01:00:09,3888696,2653325,6276127,3888697,2653327,2653327,7,125554341
3891111,1,570,22/07/2016 21:09:47,22/07/2016 21:00:17,3891111,2653140,6261609,3891112,2653143,2653143,19,157739646
3959236,1,2465,23/09/2016 21:42:42,23/09/2016 21:01:37,3959236,2660554,6430230,3959237,2660556,2660556,19,204613158
3954845,2,861,24/09/2016 00:44:27,24/09/2016 00:30:06,3954845,2661216,6424526,3954846,2661220,2661220,10,135449942
3953343,1,662,24/09/2016 01:41:08,24/09/2016 01:30:06,3953343,2661288,6420530,3953344,2661290,2661290,10,136735830
3947903,6,1698,15/09/2016 20:28:30,15/09/2016 20:00:12,3947903,2659628,6408902,3947904,2659630,2659630,12,156227022
3954572,1,1385,23/09/2016 23:53:12,23/09/2016 23:30:07,3954572,2660287,6423359,3954573,2660289,2660289,24,191880859
3945292,8,2682,15/09/2016 20:44:54,15/09/2016 20:00:12,3945292,2659584,6409508,3945293,2659588,2659588,7,111984691
3897619,1,1022,22/07/2016 21:17:18,22/07/2016 21:00:16,3897619,2653037,6276932,3897620,2653062,2653062,12,120742062
3952681,16,2283,23/09/2016 21:38:21,23/09/2016 21:00:18,3952681,2660506,6429819,3952682,2660510,2660510,7,145630646
3953842,4,1397,24/09/2016 00:53:23,24/09/2016 00:30:06,3953842,2661192,6421127,3953843,2661194,2661194,10,145465581
3889905,1,2150,14/07/2016 20:36:08,14/07/2016 20:00:18,3889905,2651703,6268103,3889906,2651747,2651747,16,134873749
3886399,1,451,22/07/2016 21:07:47,22/07/2016 21:00:16,3886399,2653131,6253688,3901500,2653133,2653133,25,240307905
3901802,1,549,23/07/2016 00:39:18,23/07/2016 00:30:09,3901802,2653247,6272968,3901803,2653251,2653251,10,141879156
3953165,1,1717,23/09/2016 18:28:57,23/09/2016 18:00:20,3953165,2660660,6420363,3953166,2660662,2660662,55,499771066
3898115,5,982,23/07/2016 01:46:32,23/07/2016 01:30:10,3898115,2653441,6269492,3898116,2653443,2653443,6,99175486
3954569,1,1473,23/09/2016 22:54:50,23/09/2016 22:30:17,3954569,2660215,6423357,3954570,2660217,2660217,42,329311777
3891211,2,6051,14/07/2016 21:41:10,14/07/2016 20:00:19,3891211,2651725,6261707,3891212,2651750,2651750,19,167232534
3959708,1,115,24/09/2016 01:32:01,24/09/2016 01:30:06,3959708,2661271,6420290,3959709,2661275,2661275,12,113654661
3953253,1,2322,23/09/2016 23:09:00,23/09/2016 22:30:18,3953253,2660778,6420845,3953254,2660787,2660787,8,117906823
3889834,1,1581,22/07/2016 21:26:37,22/07/2016 21:00:16,3889834,2653200,6259427,3889835,2653204,2653204,17,159233222
3953090,1,1811,23/09/2016 21:31:35,23/09/2016 21:01:24,3953090,2660978,6420277,3953091,2660981,2660981,7,145630646
3953522,1,1984,23/09/2016 21:33:22,23/09/2016 21:00:18,3953522,2660480,6420416,3953523,2660483,2660483,35,311807272
3953338,1,628,23/09/2016 23:40:35,23/09/2016 23:30:07,3953338,2660716,6420527,3953339,2660719,2660719,11,131331083
3899008,1,817,22/07/2016 21:13:53,22/07/2016 21:00:16,3899008,2653216,6272492,3899009,2653220,2653220,8,112831536
3947803,1,1261,15/09/2016 20:21:13,15/09/2016 20:00:12,3947803,2659605,6408802,3947804,2659608,2659608,24,172822192
3959322,10,1459,23/09/2016 22:55:30,23/09/2016 22:31:11,3959322,2660796,6430381,3959323,2660798,2660798,6,131872390
3893613,5,4302,14/07/2016 21:12:01,14/07/2016 20:00:19,3893613,2651826,6262364,3893614,2651829,2651829,5,70677541
3953927,1,1048,23/09/2016 22:47:46,23/09/2016 22:30:18,3953927,2660870,6430811,3953928,2660875,2660875,5,130110323
3889095,1,1376,14/07/2016 20:23:14,14/07/2016 20:00:18,3889095,2651861,6265898,3889096,2651868,2651868,28,294365040
3946604,7,2970,15/09/2016 20:49:42,15/09/2016 20:00:12,3946604,2659624,6406703,3946605,2659627,2659627,8,133247380
3888269,1,1316,14/07/2016 20:22:14,14/07/2016 20:00:18,3888269,2651917,6255460,3888270,2651923,2651923,10,135727864
3959800,11,1044,24/09/2016 00:47:30,24/09/2016 00:30:06,3959800,2661137,6431101,3959801,2661139,2661139,11,141777985
3899432,2,1824,22/07/2016 21:30:41,22/07/2016 21:00:17,3899432,2653054,6284438,3899433,2653071,2653071,21,181600666
3898357,1,1834,23/07/2016 01:30:43,23/07/2016 01:00:09,3898357,2653380,6279185,3898358,2653383,2653383,5,111098877
3953335,1,2367,23/09/2016 23:09:45,23/09/2016 22:30:18,3953335,2660258,6420525,3953336,2660262,2660262,46,369768886
3953637,4,1469,23/09/2016 22:55:18,23/09/2016 22:30:49,3953637,2660896,6421352,3953638,2660898,2660898,7,92996011
3953622,1,3217,23/09/2016 21:54:08,23/09/2016 21:00:31,3953622,2660466,6421342,3953623,2660470,2660470,21,123768259
3886196,3,2031,14/07/2016 20:34:10,14/07/2016 20:00:19,3886196,2651832,6253480,3886197,2651834,2651834,5,112165054
3954820,1,6448,23/09/2016 22:48:23,23/09/2016 21:00:55,3954820,2661027,6424513,3954821,2661029,2661029,35,243632021
3887958,1,796,14/07/2016 20:13:35,14/07/2016 20:00:19,3887958,2651837,6271376,3887959,2651842,2651842,8,112831536
3896782,1,2249,22/07/2016 21:37:46,22/07/2016 21:00:17,3896782,2653038,6274885,3896783,2653058,2653058,14,133329238
3959234,7,1751,23/09/2016 21:30:46,23/09/2016 21:01:35,3959234,2661005,6430229,3959235,2661008,2661008,5,77171379
3954020,2,3642,23/09/2016 22:01:00,23/09/2016 21:00:18,3954020,2660348,6430759,3954021,2660370,2660370,20,169975654
3953723,1,2058,23/09/2016 21:34:36,23/09/2016 21:00:18,3953723,2660421,6430407,3953724,2660426,2660426,13,147734344
3889627,1,1443,14/07/2016 20:24:22,14/07/2016 20:00:19,3889627,2651810,6266845,3889628,2651813,2651813,9,126002058
3952077,1,1063,23/09/2016 18:18:03,23/09/2016 18:00:20,3952077,2660649,6424928,3952078,2660651,2660651,11,142267300
3946075,55,4354,15/09/2016 21:12:46,15/09/2016 20:00:12,3946075,2659542,6404601,3946076,2659559,2659559,8,134728115
3890704,1,1141,14/07/2016 20:19:20,14/07/2016 20:00:19,3890704,2651841,6260304,3890705,2651851,2651851,8,104775517
3886331,1,2847,14/07/2016 20:47:46,14/07/2016 20:00:19,3886331,2651945,6253633,3886332,2651947,2651947,27,152380793
3890114,1,6539,22/07/2016 22:49:15,22/07/2016 21:00:16,3890114,2653108,6281482,3890115,2653112,2653112,36,256098075
3953261,1,505,24/09/2016 00:38:31,24/09/2016 00:30:06,3953261,2661198,6420851,3953262,2661200,2661200,10,124568426
3896497,2,455,23/07/2016 01:07:44,23/07/2016 01:00:09,3896497,2653312,6274396,3896498,2653314,2653314,5,72362886
3947703,1,1119,15/09/2016 20:18:51,15/09/2016 20:00:12,3947703,2659639,6408702,3947704,2659643,2659643,7,145630646
3953710,15,1545,23/09/2016 18:29:05,23/09/2016 18:03:20,3953710,2660574,6421499,3953711,2660578,2660578,10,121004611
3890414,4,5252,14/07/2016 21:27:51,14/07/2016 20:00:19,3890414,2651693,6260012,3890415,2651717,2651717,7,110368782
3953429,1,735,23/09/2016 22:42:32,23/09/2016 22:30:17,3953429,2660265,6430517,3953430,2660268,2660268,8,147268656
3954326,6,1549,24/09/2016 00:55:55,24/09/2016 00:30:06,3954326,2661146,6423018,3954327,2661149,2661149,7,134461437
3896795,8,694,23/07/2016 01:41:44,23/07/2016 01:30:10,3896795,2653403,6274893,3896796,2653407,2653407,7,125554341
3895008,1,912,22/07/2016 21:15:28,22/07/2016 21:00:16,3895008,2653101,6270905,3895009,2653104,2653104,16,157166846
3893709,5,4654,14/07/2016 21:17:53,14/07/2016 20:00:19,3893709,2651907,6269309,3893710,2651915,2651915,7,132736278
3895492,2,1434,23/07/2016 01:24:03,23/07/2016 01:00:09,3895492,2653349,6271478,3895493,2653352,2653352,8,126595679
3952695,16,1687,23/09/2016 22:58:24,23/09/2016 22:30:17,3952695,2660808,6429827,3952696,2660812,2660812,7,145630646
3952272,2,561,23/09/2016 21:09:39,23/09/2016 21:00:18,3952272,2660442,6430605,3952273,2660446,2660446,11,160966575
3897173,6,1321,23/07/2016 00:52:10,23/07/2016 00:30:09,3897173,2653246,6287614,3897174,2653250,2653250,7,120402027
3954119,1,861,23/09/2016 18:15:40,23/09/2016 18:01:19,3954119,2660587,6422872,3954120,2660589,2660589,9,138971700
3890514,19,1875,14/07/2016 20:31:34,14/07/2016 20:00:19,3890514,2651700,6260115,3890515,2651733,2651733,6,99175486
3953510,1,1107,23/09/2016 18:20:00,23/09/2016 18:01:33,3953510,2660623,6420409,3953512,2660625,2660625,11,160714814
3953933,4,843,23/09/2016 23:44:10,23/09/2016 23:30:07,3953933,2660727,6430815,3953934,2660729,2660729,10,121004611
3953648,1,635,24/09/2016 00:40:41,24/09/2016 00:30:06,3953648,2661174,6421360,3953649,2661176,2661176,8,134709536
3891104,8,1808,14/07/2016 20:30:27,14/07/2016 20:00:19,3891104,2651930,6261603,3891105,2651932,2651932,9,130509457
3925338,1,663,25/08/2016 13:21:22,25/08/2016 13:10:19,3925338,2656685,6358303,3925269,2656687,2656687,4,60544351
3953535,3,99292,25/09/2016 04:04:58,24/09/2016 00:30:06,3953535,2661167,6420424,3953536,2661169,2661169,11,124909736
3954224,17,1807,23/09/2016 21:30:25,23/09/2016 21:00:18,3954224,2660333,6423174,3954225,2660354,2660354,10,121004611
3959121,1,599,24/09/2016 01:10:04,24/09/2016 01:00:05,3959121,2661075,6430113,3959122,2661078,2661078,12,146172425
3954137,8,1244,24/09/2016 01:50:50,24/09/2016 01:30:06,3954137,2661276,6422883,3954138,2661278,2661278,10,145465581
3953537,1,928,24/09/2016 01:15:33,24/09/2016 01:00:05,3953537,2661057,6420425,3953538,2661059,2661059,10,124568426
3953832,16,1305,23/09/2016 22:52:22,23/09/2016 22:30:37,3953832,2660891,6421120,3953833,2660895,2660895,5,77171379
3953247,2,2289,23/09/2016 21:38:27,23/09/2016 21:00:18,3953247,2660918,6420841,3953248,2660920,2660920,7,134461437
3954639,2,810,24/09/2016 00:43:36,24/09/2016 00:30:06,3954639,2661203,6423525,3954640,2661205,2661205,12,143533535
3953419,1,1019,23/09/2016 21:17:45,23/09/2016 21:00:46,3953419,2660487,6430510,3953420,2660490,2660490,8,117906823
3952864,1,1887,23/09/2016 23:01:59,23/09/2016 22:30:32,3952864,2660783,6420048,3952865,2660789,2660789,17,141322909
3945189,10,4014,15/09/2016 21:07:06,15/09/2016 20:00:12,3945189,2659681,6407660,3945190,2659685,2659685,6,131872390
3890318,7,1287,23/07/2016 01:21:37,23/07/2016 01:00:10,3890318,2653335,6259811,3890319,2653337,2653337,7,120402027
3890231,1,797,23/07/2016 01:13:26,23/07/2016 01:00:09,3890231,2653330,6259924,3890232,2653333,2653333,5,116761430
3953417,2,1501,23/09/2016 21:25:45,23/09/2016 21:00:44,3953417,2660971,6430509,3953418,2660975,2660975,12,146040149
3893160,1,10675,14/07/2016 22:58:13,14/07/2016 20:00:18,3893160,2651692,6269253,3893161,2651711,2651711,18,135453157
3901237,1,808,23/07/2016 01:43:38,23/07/2016 01:30:10,3901237,2653453,6284596,3901238,2653455,2653455,4,61294252
3941147,1,1293,15/09/2016 20:21:45,15/09/2016 20:00:12,3941147,2659550,6394836,3941148,2659562,2659562,7,134461437
3959228,17,1539,23/09/2016 21:26:54,23/09/2016 21:01:15,3959228,2660335,6430226,3959229,2660356,2660356,11,131331083
3893516,17,1911,14/07/2016 20:32:10,14/07/2016 20:00:19,3893516,2651891,6266123,3893517,2651895,2651895,7,102505064
3953318,4,708,23/09/2016 18:12:52,23/09/2016 18:01:04,3953318,2660682,6420513,3953319,2660684,2660684,10,121004611
3954822,2,596,23/09/2016 21:10:53,23/09/2016 21:00:57,3954822,2660947,6424514,3954823,2660949,2660949,12,134879710
3953263,1,1166,24/09/2016 01:19:31,24/09/2016 01:00:05,3953263,2661047,6420852,3953264,2661050,2661050,10,124544202
3959805,2,642,24/09/2016 01:40:48,24/09/2016 01:30:06,3959805,2661242,6431104,3959806,2661245,2661245,11,141777985
3893261,1,2577,14/07/2016 20:43:15,14/07/2016 20:00:18,3893261,2651793,6270713,3893262,2651801,2651801,10,142079363
3959511,3,1295,24/09/2016 00:51:41,24/09/2016 00:30:06,3959511,2661219,6424653,3959512,2661222,2661222,9,124202892
3954626,2,1059,23/09/2016 22:48:42,23/09/2016 22:31:03,3954626,2660193,6423518,3954627,2660197,2660197,19,156642575
3954826,1,1040,23/09/2016 22:47:38,23/09/2016 22:30:18,3954826,2660204,6424516,3954827,2660206,2660206,26,165710571
3890304,3,3746,14/07/2016 21:02:45,14/07/2016 20:00:19,3890304,2651770,6259803,3890305,2651780,2651780,5,89797558
3954732,1,4029,23/09/2016 22:08:19,23/09/2016 21:01:10,3954732,2660942,6423620,3954733,2660944,2660944,28,263889385
3901332,1,1093,23/07/2016 01:18:22,23/07/2016 01:00:09,3901332,2653307,6287477,3901333,2653310,2653310,7,105369138
3953183,2,811,23/09/2016 23:43:38,23/09/2016 23:30:07,3953183,2660739,6420375,3953184,2660741,2660741,7,145630646
3889587,1,405,23/07/2016 00:36:54,23/07/2016 00:30:09,3889587,2653280,6283032,3889588,2653282,2653282,5,72362886
3895014,5,1295,23/07/2016 00:51:44,23/07/2016 00:30:09,3895014,2653268,6270909,3895015,2653270,2653270,4,109928920
3954630,3,1020,23/09/2016 22:48:16,23/09/2016 22:31:16,3954630,2660171,6423520,3954631,2660178,2660178,7,92567645
3954131,1,1333,23/09/2016 21:22:31,23/09/2016 21:00:18,3954131,2660544,6422880,3954132,2660547,2660547,18,175381072
3898113,12,1187,23/07/2016 01:19:56,23/07/2016 01:00:09,3898113,2653366,6269491,3898114,2653368,2653368,6,99175486
3886441,1,1903,14/07/2016 20:32:02,14/07/2016 20:00:19,3886441,2651720,6266365,3886442,2651749,2651749,9,126002058
3940975,12,15982,16/09/2016 00:26:34,15/09/2016 20:00:12,3940975,2659599,6392583,3940976,2659601,2659601,6,104444441
3953316,3,711,23/09/2016 18:12:11,23/09/2016 18:00:20,3953316,2660599,6420512,3953317,2660601,2660601,11,131331083
3888995,7,1982,14/07/2016 20:33:21,14/07/2016 20:00:19,3888995,2651896,6256482,3888996,2651898,2651898,6,99175486
3888887,1,928,14/07/2016 20:15:47,14/07/2016 20:00:19,3888887,2651845,6256176,3888888,2651857,2651857,4,57376020
3886782,1,76840,23/07/2016 18:20:56,22/07/2016 21:00:16,3886782,2653144,6278028,3886783,2653146,2653146,20,160872012
3953320,14,2495,23/09/2016 18:42:52,23/09/2016 18:01:17,3953320,2660575,6420514,3953321,2660582,2660582,5,77171379
3943424,1,11147,15/09/2016 23:05:59,15/09/2016 20:00:12,3943424,2659667,6400366,3943425,2659670,2659670,7,118202697
3953174,18,3693,23/09/2016 22:01:51,23/09/2016 21:00:18,3953174,2660404,6420369,3953175,2660415,2660415,6,131872390
3952833,1,2338,23/09/2016 18:39:26,23/09/2016 18:00:28,3952833,2660611,6420028,3952834,2660613,2660613,7,92996011
3954832,1,2744,23/09/2016 23:17:28,23/09/2016 22:31:44,3954832,2660250,6424519,3954833,2660252,2660252,32,273494398
3901337,1,3579,23/07/2016 02:29:49,23/07/2016 01:30:10,3901337,2653417,6287481,3901338,2653419,2653419,16,126534259
3954562,3,2129,23/09/2016 21:35:47,23/09/2016 21:00:18,3954562,2660443,6423353,3954563,2660447,2660447,6,90929635
3890006,1,723,14/07/2016 20:12:22,14/07/2016 20:00:19,3890006,2651854,6259605,3890007,2651865,2651865,7,102505064
3953333,7,1493,23/09/2016 21:25:11,23/09/2016 21:00:18,3953333,2660381,6420524,3953334,2660385,2660385,5,77171379
3954736,2,2203,23/09/2016 23:07:01,23/09/2016 22:30:18,3954736,2660222,6423622,3954737,2660226,2660226,13,162044351
3888476,1,3154,14/07/2016 20:52:53,14/07/2016 20:00:19,3888476,2651781,6255670,3888477,2651792,2651792,27,302886004
3959333,8,1165,24/09/2016 01:19:30,24/09/2016 01:00:05,3959333,2661080,6430387,3959334,2661082,2661082,10,145465581
3888694,1,2253,22/07/2016 21:37:49,22/07/2016 21:00:16,3888694,2653039,6276126,3888695,2653057,2653057,29,288283375
3959414,3,1526,23/09/2016 22:55:54,23/09/2016 22:30:28,3959414,2660176,6430908,3959415,2660181,2660181,48,373628346
3953624,1,1215,23/09/2016 21:20:48,23/09/2016 21:00:33,3953624,2660367,6421343,3953625,2660373,2660373,9,112282254
3952578,1,1371,23/09/2016 22:53:34,23/09/2016 22:30:43,3952578,2660841,6419772,3952579,2660848,2660848,8,117906823
3959326,1,3990,23/09/2016 23:37:57,23/09/2016 22:31:27,3959326,2660815,6430383,3959327,2660820,2660820,8,93771187
3952969,6,1911,24/09/2016 01:31:56,24/09/2016 01:00:05,3952969,2661048,6420156,3952970,2661052,2661052,7,134461437
3954229,9,7256,24/09/2016 00:31:14,23/09/2016 22:30:18,3954229,2660210,6423177,3954230,2660214,2660214,10,134573699
3889229,1,3244,14/07/2016 20:54:23,14/07/2016 20:00:19,3889229,2651783,6257529,3889230,2651797,2651797,6,113335011
3886533,1,4029,14/07/2016 21:07:28,14/07/2016 20:00:19,3886533,2651935,6253829,3886534,2651937,2651937,28,243268906
3890441,1,650,22/07/2016 21:11:06,22/07/2016 21:00:16,3890441,2653076,6260037,3890442,2653079,2653079,9,115176769
3954722,1,5016,23/09/2016 22:23:54,23/09/2016 21:00:18,3954722,2660405,6423615,3954723,2660410,2660410,36,221359889
3953642,1,424,23/09/2016 23:37:11,23/09/2016 23:30:07,3953642,2660732,6421356,3953643,2660734,2660734,9,138971700
3889918,7,7359,22/07/2016 23:02:56,22/07/2016 21:00:17,3889918,2653230,6281310,3889919,2653232,2653232,20,163162678
3944644,1,1007,15/09/2016 20:16:59,15/09/2016 20:00:12,3944644,2659569,6392680,3944645,2659571,2659571,13,157015963
3959324,1,861,23/09/2016 22:45:36,23/09/2016 22:31:15,3959324,2660886,6430382,3959325,2660889,2660889,19,204613158
3948003,1,2436,15/09/2016 20:40:48,15/09/2016 20:00:12,3948003,2659701,6409002,3948004,2659703,2659703,19,160490781
3953087,3,1915,23/09/2016 21:32:13,23/09/2016 21:00:18,3953087,2660346,6420276,3953088,2660360,2660360,8,148219693
3948400,4,2255,15/09/2016 20:37:47,15/09/2016 20:00:12,3948400,2659680,6409600,3948401,2659684,2659684,12,145502960
3954726,1,1111,23/09/2016 21:19:13,23/09/2016 21:00:42,3954726,2660533,6423617,3954727,2660540,2660540,6,79760426
